用例ID,模块,用例标题,优先级,前置条件,操作步骤,预期结果,测试数据,标签
TC-001,登录,正确账号密码登录成功,P0,,打开登录页|输入正确的用户名和密码|点击登录按钮,登录成功并跳转到工作台页面,用户名=admin; 密码=123456,smoke
TC-002,登录,密码错误时给出明确提示,P1,,打开登录页|输入正确用户名和错误密码|点击登录按钮,停留在登录页|显示"用户名或密码错误"的提示|密码输入框内容被保留,用户名=admin; 密码=wrong-password,regression
TC-003,登录,用户名为空时阻止提交,P2,,打开登录页|不填写用户名直接点击登录,停留在登录页|提示用户名不能为空,,regression
TC-004,商品搜索,按关键字搜索返回匹配商品,P0,系统中存在上架商品,进入商品搜索页|输入关键字"耳机"|点击搜索,结果列表中每一项商品名都包含关键字"耳机",关键字=耳机,smoke
TC-005,商品搜索,搜索不存在的关键字显示空状态,P2,,进入商品搜索页|输入不存在的关键字|点击搜索,结果列表为空并显示"没有找到相关商品",关键字=zzz-not-exist,regression
TC-006,购物车,连续加入两件商品数量正确,P0,已登录且购物车为空,进入商品搜索页|对同一商品点击两次"加入购物车"|查看购物车数量,购物车数量显示为 2,,smoke
TC-007,购物车,购物车数量在刷新后保持,P1,购物车中已有商品,加入一件商品|刷新页面|查看购物车数量,购物车数量与刷新前一致,,regression
TC-008,下单,提交订单后生成订单号,P0,已登录且购物车中有商品,进入购物车|点击结算|确认收货地址|提交订单,跳转到订单成功页并显示订单号,收货地址=默认地址,smoke
TC-009,登录,短信验证码登录,P1,已绑定手机号,打开登录页|切换到短信登录|输入手机号|获取验证码|输入验证码|点击登录,登录成功并跳转到工作台,手机号=13800000000,regression
